team,effort_per_min,total_interactions
Sales - Field,650.2424999254199,38752
Sales - Enterprise,566.6823373576113,36238
Sales - SMB,703.5040759806728,45461
Sales - APAC,516.1100062294203,34309
Marketing,383.5189547588952,5851
Sales - AMER,914.2579930596863,52630
Sales - Online,683.6385924502887,45775
Sales - EMEA,372.4432944279456,26299
Finance,435.2106706718879,5602
